row_id,num_sold
26298,383
26299,595
26300,169
26301,670
26302,1036
26303,295
26304,579
26305,903
26306,258
26307,1013
26308,1572
26309,449
26310,423
26311,657
26312,189
26313,737
26314,1143
26315,328
26316,316
26317,494
26318,140
26319,553
26320,867
26321,245
26322,463
26323,724
26324,206
26325,812
26326,1266
26327,360
26328,357
26329,549
26330,158
26331,622
26332,958
26333,274
26334,282
26335,438
26336,125
26337,491
26338,765
26339,217
26340,424
26341,682
26342,193
26343,746
26344,1199
26345,338
26346,324
26347,515
26348,145
26349,566
26350,897
26351,251
26352,272
26353,429
26354,117
26355,472
26356,743
26357,204
26358,423
26359,669
26360,187
26361,740
26362,1162
26363,325
26364,331
26365,531
26366,149
26367,575
26368,922
26369,259
26370,336
26371,526
26372,148
26373,588
26374,912
26375,259
26376,528
26377,825
26378,233
26379,920
26380,1431
26381,405
26382,394
26383,615
26384,173
26385,685
26386,1077
26387,301
26388,329
26389,522
26390,145
26391,574
26392,906
26393,254
26394,506
26395,806
26396,224
26397,882
26398,1400
26399,391
26400,381
26401,613
26402,174
26403,664
26404,1064
26405,303
26406,255
26407,405
26408,113
26409,447
26410,708
26411,198
26412,384
26413,610
26414,171
26415,671
26416,1063
26417,297
26418,286
26419,458
26420,127
26421,500
26422,795
26423,221
26424,260
26425,416
26426,115
26427,454
26428,724
26429,202
26430,374
26431,599
26432,166
26433,656
26434,1045
26435,290
26436,287
26437,459
26438,128
26439,503
26440,804
26441,221
26442,259
26443,412
26444,114
26445,451
26446,719
26447,199
26448,359
26449,572
26450,162
26451,621
26452,992
26453,284
26454,276
26455,441
26456,120
26457,480
26458,771
26459,210
26460,261
26461,418
26462,115
26463,454
26464,728
26465,201
26466,352
26467,567
26468,157
26469,616
26470,989
26471,273
26472,283
26473,455
26474,126
26475,492
26476,795
26477,218
26478,274
26479,438
26480,121
26481,475
26482,760
26483,210
26484,369
26485,595
26486,164
26487,643
26488,1036
26489,285
26490,293
26491,470
26492,130
26493,509
26494,821
26495,226
26496,310
26497,503
26498,137
26499,541
26500,875
26501,239
26502,439
26503,708
26504,195
26505,767
26506,1230
26507,338
26508,337
26509,542
26510,148
26511,584
26512,941
26513,257
26514,298
26515,482
26516,131
26517,521
26518,842
26519,230
26520,435
26521,703
26522,192
26523,756
26524,1224
26525,333
26526,317
26527,515
26528,141
26529,552
26530,891
26531,243
26532,223
26533,364
26534,99
26535,390
26536,636
26537,173
26538,343
26539,561
26540,153
26541,600
26542,977
26543,267
26544,248
26545,405
26546,111
26547,434
26548,708
26549,192
26550,223
26551,367
26552,99
26553,390
26554,639
26555,173
26556,344
26557,567
26558,154
26559,603
26560,989
26561,267
26562,239
26563,394
26564,106
26565,418
26566,687
26567,185
26568,222
26569,367
26570,99
26571,388
26572,640
26573,172
26574,342
26575,566
26576,153
26577,599
26578,988
26579,267
26580,238
26581,396
26582,106
26583,416
26584,689
26585,185
26586,223
26587,368
26588,99
26589,389
26590,641
26591,172
26592,343
26593,568
26594,153
26595,599
26596,992
26597,267
26598,238
26599,395
26600,106
26601,416
26602,687
26603,185
26604,234
26605,389
26606,104
26607,408
26608,674
26609,181
26610,362
26611,599
26612,161
26613,631
26614,1044
26615,280
26616,250
26617,416
26618,111
26619,436
26620,723
26621,194
26622,279
26623,465
26624,124
26625,487
26626,806
26627,215
26628,428
26629,716
26630,192
26631,750
26632,1246
26633,334
26634,298
26635,499
26636,133
26637,520
26638,867
26639,232
26640,278
26641,462
26642,123
26643,484
26644,803
26645,214
26646,429
26647,714
26648,191
26649,748
26650,1241
26651,332
26652,298
26653,497
26654,133
26655,516
26656,863
26657,230
26658,221
26659,372
26660,98
26661,386
26662,647
26663,171
26664,341
26665,573
26666,152
26667,594
26668,998
26669,265
26670,236
26671,397
26672,105
26673,413
26674,692
26675,183
26676,221
26677,374
26678,99
26679,386
26680,648
26681,172
26682,341
26683,575
26684,153
26685,597
26686,1005
26687,266
26688,236
26689,398
26690,106
26691,412
26692,695
26693,183
26694,220
26695,374
26696,98
26697,385
26698,653
26699,171
26700,341
26701,577
26702,153
26703,597
26704,1008
26705,266
26706,236
26707,401
26708,106
26709,412
26710,701
26711,184
26712,221
26713,376
26714,98
26715,386
26716,655
26717,171
26718,340
26719,577
26720,152
26721,595
26722,1009
26723,266
26724,235
26725,400
26726,106
26727,411
26728,699
26729,184
26730,232
26731,397
26732,104
26733,404
26734,685
26735,180
26736,358
26737,611
26738,161
26739,626
26740,1063
26741,279
26742,248
26743,424
26744,111
26745,432
26746,735
26747,193
26748,276
26749,474
26750,124
26751,482
26752,820
26753,215
26754,425
26755,728
26756,192
26757,743
26758,1267
26759,332
26760,295
26761,507
26762,132
26763,514
26764,882
26765,230
26766,275
26767,471
26768,123
26769,480
26770,817
26771,214
26772,422
26773,725
26774,191
26775,739
26776,1265
26777,331
26778,293
26779,505
26780,132
26781,510
26782,879
26783,229
26784,219
26785,381
26786,99
26787,384
26788,661
26789,171
26790,338
26791,588
26792,152
26793,592
26794,1022
26795,264
26796,234
26797,406
26798,105
26799,408
26800,707
26801,182
26802,219
26803,381
26804,98
26805,383
26806,663
26807,171
26808,339
26809,586
26810,153
26811,594
26812,1025
26813,265
26814,234
26815,406
26816,105
26817,409
26818,709
26819,183
26820,219
26821,382
26822,99
26823,384
26824,667
26825,172
26826,339
26827,588
26828,153
26829,594
26830,1034
26831,267
26832,235
26833,408
26834,106
26835,411
26836,714
26837,184
26838,219
26839,384
26840,98
26841,382
26842,666
26843,171
26844,338
26845,591
26846,152
26847,589
26848,1030
26849,266
26850,235
26851,410
26852,106
26853,411
26854,716
26855,184
26856,231
26857,405
26858,104
26859,402
26860,700
26861,180
26862,358
26863,626
26864,161
26865,622
26866,1089
26867,280
26868,246
26869,433
26870,111
26871,430
26872,751
26873,193
26874,275
26875,482
26876,124
26877,479
26878,834
26879,215
26880,426
26881,747
26882,192
26883,744
26884,1295
26885,332
26886,293
26887,516
26888,132
26889,511
26890,899
26891,229
26892,274
26893,481
26894,123
26895,478
26896,837
26897,215
26898,423
26899,744
26900,191
26901,738
26902,1299
26903,333
26904,293
26905,516
26906,131
26907,508
26908,902
26909,228
26910,219
26911,385
26912,98
26913,382
26914,674
26915,170
26916,338
26917,596
26918,151
26919,591
26920,1040
26921,264
26922,233
26923,417
26924,104
26925,406
26926,728
26927,180
26928,219
26929,388
26930,97
26931,382
26932,676
26933,170
26934,339
26935,598
26936,152
26937,590
26938,1042
26939,264
26940,233
26941,418
26942,104
26943,406
26944,732
26945,181
26946,218
26947,388
26948,97
26949,381
26950,676
26951,170
26952,337
26953,599
26954,152
26955,590
26956,1044
26957,265
26958,232
26959,418
26960,104
26961,405
26962,731
26963,181
26964,216
26965,389
26966,98
26967,378
26968,676
26969,170
26970,336
26971,602
26972,152
26973,588
26974,1053
26975,265
26976,231
26977,417
26978,104
26979,401
26980,729
26981,181
26982,225
26983,411
26984,103
26985,392
26986,707
26987,178
26988,351
26989,638
26990,160
26991,613
26992,1103
26993,278
26994,239
26995,438
26996,109
26997,418
26998,758
26999,190
27000,271
27001,488
27002,122
27003,472
27004,845
27005,213
27006,420
27007,759
27008,191
27009,734
27010,1318
27011,332
27012,290
27013,524
27014,131
27015,504
27016,913
27017,228
27018,271
27019,487
27020,122
27021,472
27022,849
27023,213
27024,420
27025,757
27026,190
27027,732
27028,1322
27029,331
27030,288
27031,521
27032,131
27033,503
27034,911
27035,228
27036,215
27037,396
27038,98
27039,376
27040,690
27041,171
27042,334
27043,613
27044,152
27045,583
27046,1071
27047,266
27048,230
27049,422
27050,104
27051,400
27052,734
27053,182
27054,215
27055,395
27056,98
27057,377
27058,690
27059,171
27060,335
27061,613
27062,153
27063,586
27064,1074
27065,267
27066,230
27067,421
27068,105
27069,401
27070,736
27071,183
27072,214
27073,395
27074,98
27075,375
27076,690
27077,171
27078,333
27079,613
27080,152
27081,583
27082,1074
27083,266
27084,229
27085,422
27086,105
27087,399
27088,739
27089,183
27090,214
27091,394
27092,98
27093,374
27094,688
27095,171
27096,333
27097,610
27098,152
27099,582
27100,1068
27101,266
27102,229
27103,423
27104,105
27105,399
27106,738
27107,183
27108,225
27109,417
27110,102
27111,393
27112,721
27113,179
27114,351
27115,647
27116,159
27117,612
27118,1119
27119,279
27120,240
27121,447
27122,110
27123,419
27124,775
27125,192
27126,268
27127,499
27128,122
27129,468
27130,864
27131,214
27132,416
27133,775
27134,189
27135,728
27136,1343
27137,333
27138,287
27139,537
27140,131
27141,501
27142,928
27143,229
27144,267
27145,498
27146,122
27147,466
27148,867
27149,213
27150,415
27151,773
27152,189
27153,724
27154,1346
27155,333
27156,285
27157,534
27158,130
27159,496
27160,927
27161,228
27162,213
27163,399
27164,98
27165,373
27166,694
27167,170
27168,331
27169,621
27170,151
27171,580
27172,1082
27173,265
27174,228
27175,427
27176,104
27177,397
27178,746
27179,182
27180,213
27181,401
27182,98
27183,373
27184,698
27185,171
27186,332
27187,624
27188,153
27189,581
27190,1089
27191,267
27192,228
27193,429
27194,105
27195,398
27196,751
27197,183
27198,212
27199,402
27200,98
27201,370
27202,699
27203,170
27204,331
27205,625
27206,152
27207,578
27208,1087
27209,266
27210,227
27211,430
27212,104
27213,396
27214,750
27215,182
27216,211
27217,403
27218,97
27219,369
27220,704
27221,170
27222,329
27223,625
27224,152
27225,573
27226,1095
27227,266
27228,226
27229,431
27230,104
27231,394
27232,753
27233,183
27234,222
27235,426
27236,102
27237,387
27238,736
27239,179
27240,344
27241,658
27242,159
27243,600
27244,1143
27245,279
27246,236
27247,454
27248,109
27249,412
27250,786
27251,191
27252,264
27253,507
27254,122
27255,461
27256,879
27257,213
27258,413
27259,788
27260,190
27261,720
27262,1368
27263,333
27264,283
27265,544
27266,131
27267,494
27268,943
27269,229
27270,263
27271,507
27272,122
27273,460
27274,881
27275,213
27276,411
27277,787
27278,190
27279,718
27280,1370
27281,332
27282,282
27283,543
27284,130
27285,492
27286,943
27287,228
27288,211
27289,406
27290,98
27291,368
27292,708
27293,170
27294,327
27295,628
27296,152
27297,572
27298,1097
27299,266
27300,224
27301,433
27302,104
27303,391
27304,754
27305,182
27306,210
27307,409
27308,98
27309,367
27310,712
27311,172
27312,327
27313,633
27314,153
27315,572
27316,1106
27317,268
27318,225
27319,437
27320,105
27321,393
27322,761
27323,183
27324,209
27325,406
27326,97
27327,364
27328,709
27329,170
27330,326
27331,632
27332,152
27333,569
27334,1105
27335,266
27336,224
27337,435
27338,104
27339,392
27340,759
27341,183
27342,208
27343,408
27344,98
27345,364
27346,710
27347,171
27348,325
27349,632
27350,152
27351,567
27352,1106
27353,265
27354,223
27355,436
27356,104
27357,390
27358,761
27359,182
27360,219
27361,429
27362,103
27363,382
27364,743
27365,179
27366,341
27367,667
27368,159
27369,595
27370,1161
27371,279
27372,234
27373,459
27374,109
27375,408
27376,797
27377,192
27378,261
27379,512
27380,122
27381,455
27382,889
27383,214
27384,407
27385,796
27386,190
27387,711
27388,1385
27389,333
27390,279
27391,549
27392,131
27393,487
27394,954
27395,229
27396,260
27397,512
27398,122
27399,453
27400,891
27401,213
27402,405
27403,795
27404,190
27405,709
27406,1386
27407,332
27408,278
27409,547
27410,131
27411,485
27412,951
27413,228
27414,207
27415,409
27416,98
27417,362
27418,713
27419,170
27420,322
27421,636
27422,152
27423,564
27424,1110
27425,266
27426,222
27427,437
27428,104
27429,387
27430,762
27431,182
27432,208
27433,413
27434,98
27435,363
27436,718
27437,172
27438,324
27439,643
27440,153
27441,566
27442,1121
27443,268
27444,223
27445,441
27446,105
27447,389
27448,769
27449,184
27450,206
27451,411
27452,98
27453,361
27454,717
27455,172
27456,321
27457,641
27458,153
27459,562
27460,1118
27461,267
27462,221
27463,442
27464,106
27465,386
27466,769
27467,184
27468,206
27469,411
27470,98
27471,358
27472,715
27473,171
27474,320
27475,641
27476,152
27477,560
27478,1119
27479,266
27480,220
27481,440
27482,105
27483,384
27484,768
27485,183
27486,216
27487,435
27488,103
27489,377
27490,754
27491,180
27492,336
27493,678
27494,160
27495,589
27496,1179
27497,280
27498,231
27499,465
27500,110
27501,403
27502,808
27503,192
27504,258
27505,517
27506,123
27507,451
27508,900
27509,214
27510,400
27511,805
27512,191
27513,701
27514,1404
27515,334
27516,276
27517,555
27518,132
27519,482
27520,966
27521,230
27522,257
27523,518
27524,122
27525,447
27526,900
27527,213
27528,399
27529,806
27530,190
27531,696
27532,1405
27533,333
27534,274
27535,552
27536,131
27537,477
27538,961
27539,228
27540,204
27541,412
27542,98
27543,357
27544,718
27545,170
27546,319
27547,643
27548,152
27549,557
27550,1124
27551,266
27552,219
27553,440
27554,105
27555,381
27556,768
27557,182
27558,205
27559,415
27560,98
27561,357
27562,724
27563,172
27564,318
27565,647
27566,153
27567,557
27568,1130
27569,268
27570,219
27571,444
27572,105
27573,382
27574,774
27575,184
27576,202
27577,415
27578,98
27579,353
27580,723
27581,170
27582,314
27583,646
27584,152
27585,552
27586,1127
27587,266
27588,216
27589,444
27590,104
27591,378
27592,773
27593,182
27594,201
27595,416
27596,97
27597,351
27598,722
27599,170
27600,314
27601,647
27602,152
27603,551
27604,1126
27605,265
27606,215
27607,443
27608,104
27609,376
27610,773
27611,182
27612,212
27613,437
27614,103
27615,369
27616,758
27617,180
27618,330
27619,682
27620,160
27621,577
27622,1187
27623,280
27624,226
27625,467
27626,110
27627,394
27628,812
27629,192
27630,250
27631,521
27632,122
27633,438
27634,906
27635,213
27636,392
27637,812
27638,191
27639,687
27640,1417
27641,333
27642,269
27643,558
27644,131
27645,470
27646,970
27647,229
27648,251
27649,521
27650,122
27651,437
27652,905
27653,213
27654,391
27655,812
27656,190
27657,683
27658,1414
27659,332
27660,268
27661,558
27662,130
27663,467
27664,971
27665,228
27666,201
27667,415
27668,97
27669,351
27670,726
27671,170
27672,314
27673,649
27674,153
27675,549
27676,1133
27677,266
27678,214
27679,444
27680,104
27681,375
27682,775
27683,182
27684,202
27685,418
27686,98
27687,352
27688,729
27689,172
27690,317
27691,653
27692,153
27693,553
27694,1141
27695,268
27696,216
27697,447
27698,105
27699,377
27700,780
27701,183
27702,199
27703,417
27704,98
27705,350
27706,725
27707,171
27708,314
27709,651
27710,153
27711,549
27712,1135
27713,267
27714,215
27715,447
27716,104
27717,374
27718,777
27719,182
27720,199
27721,417
27722,98
27723,348
27724,724
27725,170
27726,313
27727,653
27728,152
27729,547
27730,1139
27731,267
27732,213
27733,448
27734,104
27735,373
27736,780
27737,182
27738,208
27739,439
27740,103
27741,363
27742,764
27743,179
27744,328
27745,686
27746,159
27747,570
27748,1194
27749,281
27750,223
27751,470
27752,108
27753,390
27754,819
27755,191
27756,247
27757,524
27758,123
27759,424
27760,915
27761,214
27762,389
27763,820
27764,191
27765,668
27766,1427
27767,335
27768,267
27769,564
27770,130
27771,459
27772,980
27773,229
27774,245
27775,523
27776,122
27777,428
27778,913
27779,213
27780,383
27781,820
27782,191
27783,670
27784,1426
27785,334
27786,262
27787,561
27788,129
27789,455
27790,974
27791,228
27792,198
27793,415
27794,98
27795,346
27796,727
27797,171
27798,311
27799,653
27800,153
27801,541
27802,1139
27803,266
27804,212
27805,445
27806,104
27807,368
27808,773
27809,182
27810,199
27811,419
27812,98
27813,346
27814,733
27815,172
27816,312
27817,657
27818,154
27819,544
27820,1150
27821,269
27822,213
27823,449
27824,105
27825,371
27826,783
27827,184
27828,196
27829,417
27830,98
27831,342
27832,729
27833,171
27834,308
27835,656
27836,153
27837,539
27838,1148
27839,268
27840,211
27841,446
27842,104
27843,367
27844,776
27845,182
27846,196
27847,418
27848,98
27849,341
27850,728
27851,170
27852,307
27853,655
27854,153
27855,537
27856,1143
27857,267
27858,209
27859,447
27860,104
27861,366
27862,780
27863,182
27864,204
27865,440
27866,103
27867,356
27868,764
27869,180
27870,321
27871,689
27872,161
27873,558
27874,1200
27875,282
27876,219
27877,472
27878,110
27879,381
27880,821
27881,192
27882,244
27883,526
27884,122
27885,425
27886,916
27887,214
27888,384
27889,826
27890,192
27891,668
27892,1440
27893,336
27894,262
27895,563
27896,131
27897,455
27898,981
27899,229
27900,244
27901,526
27902,123
27903,425
27904,917
27905,214
27906,384
27907,827
27908,192
27909,669
27910,1444
27911,337
27912,260
27913,562
27914,131
27915,453
27916,977
27917,229
27918,195
27919,421
27920,98
27921,339
27922,732
27923,171
27924,307
27925,662
27926,154
27927,536
27928,1151
27929,270
27930,208
27931,450
27932,105
27933,362
27934,782
27935,183
27936,195
27937,423
27938,99
27939,339
27940,737
27941,173
27942,308
27943,666
27944,156
27945,537
27946,1163
27947,274
27948,209
27949,452
27950,106
27951,363
27952,787
27953,185
27954,194
27955,423
27956,98
27957,338
27958,733
27959,172
27960,306
27961,666
27962,155
27963,535
27964,1157
27965,271
27966,207
27967,452
27968,105
27969,362
27970,783
27971,184
27972,193
27973,422
27974,98
27975,336
27976,732
27977,171
27978,304
27979,663
27980,154
27981,531
27982,1156
27983,271
27984,206
27985,451
27986,105
27987,360
27988,785
27989,184
27990,202
27991,444
27992,103
27993,353
27994,771
27995,181
27996,319
27997,696
27998,162
27999,555
28000,1214
28001,285
28002,216
28003,474
28004,111
28005,378
28006,827
28007,194
28008,241
28009,527
28010,123
28011,420
28012,915
28013,215
28014,379
28015,830
28016,194
28017,662
28018,1446
28019,338
28020,258
28021,566
28022,132
28023,450
28024,985
28025,230
28026,241
28027,529
28028,123
28029,419
28030,919
28031,214
28032,379
28033,830
28034,193
28035,662
28036,1445
28037,337
28038,257
28039,564
28040,131
28041,446
28042,981
28043,229
28044,192
28045,420
28046,99
28047,333
28048,731
28049,172
28050,301
28051,658
28052,155
28053,525
28054,1148
28055,271
28056,204
28057,447
28058,105
28059,356
28060,781
28061,184
28062,191
28063,422
28064,99
28065,334
28066,734
28067,174
28068,302
28069,664
28070,156
28071,528
28072,1159
28073,273
28074,205
28075,451
28076,106
28077,357
28078,785
28079,185
28080,190
28081,420
28082,98
28083,331
28084,730
28085,172
28086,300
28087,660
28088,154
28089,523
28090,1152
28091,271
28092,204
28093,449
28094,105
28095,355
28096,782
28097,184
28098,189
28099,420
28100,98
28101,330
28102,729
28103,171
28104,297
28105,659
28106,154
28107,519
28108,1152
28109,270
28110,202
28111,449
28112,105
28113,353
28114,783
28115,184
28116,198
28117,440
28118,104
28119,344
28120,764
28121,181
28122,311
28123,692
28124,163
28125,543
28126,1208
28127,285
28128,212
28129,471
28130,111
28131,368
28132,821
28133,193
28134,236
28135,524
28136,123
28137,412
28138,912
28139,215
28140,371
28141,825
28142,194
28143,648
28144,1437
28145,338
28146,253
28147,564
28148,132
28149,439
28150,982
28151,230
28152,236
28153,524
28154,123
28155,411
28156,911
28157,215
28158,371
28159,825
28160,194
28161,647
28162,1436
28163,338
28164,251
28165,560
28166,131
28167,437
28168,973
28169,229
28170,187
28171,418
28172,98
28173,327
28174,728
28175,172
28176,295
28177,659
28178,156
28179,516
28180,1150
28181,272
28182,200
28183,447
28184,105
28185,348
28186,779
28187,183
28188,187
28189,419
28190,99
28191,327
28192,732
28193,173
28194,296
28195,662
28196,157
28197,516
28198,1157
28199,274
28200,200
28201,449
28202,106
28203,349
28204,782
28205,185
28206,186
28207,418
28208,98
28209,325
28210,727
28211,172
28212,293
28213,659
28214,155
28215,514
28216,1148
28217,271
28218,199
28219,447
28220,105
28221,347
28222,777
28223,184
28224,185
28225,417
28226,98
28227,323
28228,725
28229,171
28230,299
28231,676
28232,159
28233,524
28234,1180
28235,278
28236,198
28237,447
28238,105
28239,346
28240,778
28241,183
28242,199
28243,451
28244,106
28245,347
28246,781
28247,184
28248,319
28249,719
28250,169
28251,556
28252,1251
28253,296
28254,212
28255,481
28256,113
28257,370
28258,838
28259,197
28260,242
28261,549
28262,129
28263,422
28264,954
28265,225
28266,395
28267,899
28268,210
28269,694
28270,1571
28271,367
28272,258
28273,586
28274,137
28275,450
28276,1019
28277,240
28278,253
28279,567
28280,134
28281,441
28282,989
28283,234
28284,427
28285,962
28286,227
28287,745
28288,1681
28289,396
28290,269
28291,607
28292,142
28293,467
28294,1061
28295,249
28296,216
28297,485
28298,115
28299,374
28300,843
28301,200
28302,374
28303,849
28304,201
28305,650
28306,1480
28307,351
28308,230
28309,519
28310,123
28311,398
28312,904
28313,213
28314,228
28315,530
28316,126
28317,397
28318,925
28319,220
28320,405
28321,892
28322,214
28323,708
28324,1552
28325,373
28326,243
28327,566
28328,134
28329,423
28330,985
28331,233
28332,248
28333,566
28334,133
28335,434
28336,984
28337,232
28338,408
28339,928
28340,218
28341,711
28342,1615
28343,381
28344,266
28345,605
28346,143
28347,464
28348,1051
28349,248
28350,258
28351,582
28352,138
28353,448
28354,1015
28355,241
28356,414
28357,932
28358,220
28359,725
28360,1632
28361,386
28362,272
28363,616
28364,146
28365,475
28366,1074
28367,255
28368,264
28369,603
28370,142
28371,459
28372,1047
28373,248
28374,418
28375,947
28376,225
28377,725
28378,1652
28379,393
28380,281
28381,641
28382,152
28383,491
28384,1118
28385,264
28386,298
28387,680
28388,161
28389,520
28390,1185
28391,280
28392,468
28393,1065
28394,252
28395,818
28396,1854
28397,439
28398,319
28399,728
28400,171
28401,556
28402,1263
28403,298
28404,273
28405,619
28406,147
28407,479
28408,1084
28409,257
28410,428
28411,965
28412,230
28413,748
28414,1692
28415,401
28416,291
28417,660
28418,157
28419,509
28420,1158
28421,275
28422,202
28423,459
28424,109
28425,352
28426,802
28427,190
28428,318
28429,720
28430,172
28431,553
28432,1253
28433,298
28434,216
28435,491
28436,117
28437,375
28438,855
28439,203
28440,190
28441,432
28442,104
28443,331
28444,753
28445,181
28446,298
28447,678
28448,161
28449,523
28450,1189
28451,283
28452,203
28453,464
28454,110
28455,354
28456,811
28457,192
28458,183
28459,416
28460,101
28461,320
28462,729
28463,177
28464,290
28465,661
28466,160
28467,510
28468,1162
28469,281
28470,196
28471,449
28472,108
28473,342
28474,782
28475,188
28476,186
28477,426
28478,101
28479,326
28480,742
28481,176
28482,293
28483,664
28484,158
28485,512
28486,1162
28487,277
28488,199
28489,454
28490,108
28491,347
28492,793
28493,189
28494,202
28495,463
28496,111
28497,353
28498,807
28499,193
28500,318
28501,720
28502,174
28503,555
28504,1263
28505,303
28506,216
28507,495
28508,118
28509,377
28510,865
28511,206
28512,254
28513,575
28514,139
28515,442
28516,1003
28517,242
28518,396
28519,898
28520,217
28521,692
28522,1567
28523,377
28524,272
28525,620
28526,149
28527,472
28528,1079
28529,258
28530,260
28531,592
28532,141
28533,453
28534,1036
28535,247
28536,405
28537,923
28538,221
28539,711
28540,1619
28541,386
28542,276
28543,627
28544,150
28545,481
28546,1098
28547,262
28548,212
28549,477
28550,116
28551,360
28552,812
28553,197
28554,329
28555,741
28556,179
28557,564
28558,1275
28559,308
28560,224
28561,506
28562,123
28563,384
28564,873
28565,211
28566,202
28567,455
28568,113
28569,352
28570,789
28571,197
28572,317
28573,712
28574,176
28575,552
28576,1245
28577,307
28578,216
28579,489
28580,121
28581,376
28582,853
28583,211
28584,193
28585,438
28586,105
28587,337
28588,762
28589,185
28590,302
28591,687
28592,165
28593,528
28594,1198
28595,289
28596,206
28597,470
28598,113
28599,359
28600,816
28601,197
28602,184
28603,420
28604,100
28605,323
28606,734
28607,177
28608,289
28609,656
28610,158
28611,504
28612,1150
28613,276
28614,196
28615,448
28616,107
28617,342
28618,781
28619,187
28620,188
28621,430
28622,105
28623,327
28624,750
28625,183
28626,294
28627,672
28628,164
28629,512
28630,1176
28631,286
28632,200
28633,460
28634,111
28635,347
28636,802
28637,194
28638,223
28639,512
28640,125
28641,389
28642,891
28643,218
28644,350
28645,803
28646,195
28647,611
28648,1398
28649,340
28650,238
28651,550
28652,133
28653,413
28654,954
28655,231
28656,223
28657,509
28658,124
28659,389
28660,888
28661,216
28662,349
28663,796
28664,194
28665,609
28666,1391
28667,337
28668,236
28669,542
28670,132
28671,410
28672,944
28673,229
28674,176
28675,404
28676,99
28677,307
28678,705
28679,172
28680,276
28681,633
28682,154
28683,481
28684,1104
28685,269
28686,188
28687,432
28688,106
28689,327
28690,752
28691,183
28692,175
28693,404
28694,99
28695,307
28696,704
28697,172
28698,277
28699,635
28700,155
28701,484
28702,1109
28703,270
28704,188
28705,432
28706,105
28707,327
28708,753
28709,183
28710,175
28711,402
28712,99
28713,306
28714,701
28715,172
28716,276
28717,631
28718,155
28719,483
28720,1104
28721,270
28722,187
28723,430
28724,105
28725,327
28726,749
28727,183
28728,175
28729,401
28730,99
28731,306
28732,699
28733,172
28734,274
28735,630
28736,155
28737,481
28738,1100
28739,271
28740,186
28741,429
28742,105
28743,324
28744,747
28745,183
28746,183
28747,422
28748,104
28749,319
28750,735
28751,183
28752,288
28753,663
28754,164
28755,503
28756,1156
28757,287
28758,195
28759,452
28760,111
28761,340
28762,787
28763,194
28764,218
28765,501
28766,124
28767,380
28768,871
28769,216
28770,360
28771,827
28772,205
28773,630
28774,1443
28775,358
28776,233
28777,539
28778,132
28779,405
28780,935
28781,230
28782,218
28783,500
28784,123
28785,381
28786,871
28787,216
28788,365
28789,836
28790,207
28791,638
28792,1469
28793,361
28794,231
28795,534
28796,132
28797,403
28798,932
28799,229
28800,173
28801,398
28802,99
28803,302
28804,691
28805,172
28806,306
28807,698
28808,176
28809,527
28810,1209
28811,302
28812,184
28813,426
28814,105
28815,321
28816,739
28817,182
28818,173
28819,397
28820,99
28821,302
28822,691
28823,173
28824,312
28825,715
28826,180
28827,550
28828,1257
28829,316
28830,185
28831,426
28832,106
28833,322
28834,741
28835,184
28836,172
28837,394
28838,99
28839,301
28840,688
28841,173
28842,319
28843,729
28844,183
28845,558
28846,1273
28847,319
28848,185
28849,424
28850,105
28851,321
28852,739
28853,184
28854,172
28855,393
28856,99
28857,300
28858,685
28859,172
28860,313
28861,714
28862,178
28863,545
28864,1245
28865,311
28866,184
28867,422
28868,105
28869,320
28870,736
28871,184
28872,181
28873,413
28874,104
28875,315
28876,718
28877,183
28878,308
28879,700
28880,174
28881,538
28882,1213
28883,303
28884,193
28885,444
28886,111
28887,336
28888,772
28889,195
28890,215
28891,489
28892,124
28893,374
28894,850
28895,217
28896,359
28897,819
28898,206
28899,625
28900,1428
28901,361
28902,230
28903,529
28904,133
28905,399
28906,920
28907,232
28908,214
28909,485
28910,124
28911,373
28912,847
28913,216
28914,343
28915,786
28916,199
28917,599
28918,1367
28919,346
28920,228
28921,525
28922,132
28923,396
28924,914
28925,231
28926,169
28927,387
28928,99
28929,295
28930,674
28931,173
28932,280
28933,630
28934,163
28935,493
28936,1119
28937,287
28938,181
28939,418
28940,106
28941,316
28942,729
28943,184
28944,170
28945,387
28946,99
28947,296
28948,673
28949,174
28950,269
28951,614
28952,157
28953,471
28954,1071
28955,275
28956,182
28957,418
28958,106
28959,318
28960,729
28961,185
28962,170
28963,385
28964,99
28965,297
28966,671
28967,174
28968,268
28969,610
28970,157
28971,470
28972,1062
28973,275
28974,182
28975,418
28976,106
28977,318
28978,727
28979,185
28980,172
28981,387
28982,100
28983,299
28984,674
28985,174
28986,271
28987,611
28988,158
28989,473
28990,1068
28991,275
28992,184
28993,419
28994,107
28995,320
28996,730
28997,187
28998,182
28999,411
29000,107
29001,316
29002,715
29003,187
29004,287
29005,652
29006,170
29007,502
29008,1135
29009,297
29010,194
29011,445
29012,114
29013,339
29014,775
29015,200
29016,223
29017,507
29018,133
29019,388
29020,879
29021,229
29022,353
29023,801
29024,209
29025,613
29026,1384
29027,361
29028,241
29029,554
29030,142
29031,417
29032,954
29033,245
29034,235
29035,527
29036,136
29037,409
29038,916
29039,238
29040,368
29041,836
29042,216
29043,643
29044,1448
29045,376
29046,251
29047,573
29048,147
29049,435
29050,997
29051,256
29052,192
29053,436
29054,112
29055,334
29056,759
29057,195
29058,300
29059,677
29060,175
29061,523
29062,1182
29063,304
29064,208
29065,473
29066,120
29067,363
29068,823
29069,210
29070,194
29071,437
29072,114
29073,336
29074,760
29075,198
29076,306
29077,689
29078,180
29079,533
29080,1203
29081,314
29082,208
29083,472
29084,122
29085,364
29086,823
29087,212
29088,187
29089,421
29090,111
29091,328
29092,737
29093,193
29094,295
29095,662
29096,175
29097,517
29098,1158
29099,304
29100,203
29101,460
29102,120
29103,355
29104,807
29105,208
29106,180
29107,402
29108,106
29109,313
29110,695
29111,184
29112,282
29113,630
29114,165
29115,489
29116,1093
29117,289
29118,196
29119,440
29120,114
29121,337
29122,760
29123,200
29124,180
29125,403
29126,106
29127,312
29128,700
29129,186
29130,282
29131,637
29132,167
29133,491
29134,1108
29135,291
29136,195
29137,440
29138,115
29139,338
29140,767
29141,200
29142,211
29143,472
29144,125
29145,367
29146,821
29147,217
29148,330
29149,742
29150,196
29151,576
29152,1290
29153,340
29154,241
29155,548
29156,143
29157,424
29158,959
29159,248
29160,213
29161,472
29162,124
29163,371
29164,825
29165,217
29166,332
29167,737
29168,194
29169,581
29170,1287
29171,339
29172,252
29173,566
29174,149
29175,439
29176,992
29177,260
29178,171
29179,383
29180,100
29181,297
29182,662
29183,175
29184,269
29185,602
29186,159
29187,466
29188,1044
29189,275
29190,209
29191,470
29192,123
29193,362
29194,818
29195,214
29196,181
29197,402
29198,107
29199,313
29200,700
29201,187
29202,286
29203,635
29204,170
29205,495
29206,1104
29207,293
29208,224
29209,499
29210,132
29211,386
29212,868
29213,229
29214,188
29215,419
29216,111
29217,328
29218,727
29219,195
29220,298
29221,662
29222,176
29223,518
29224,1152
29225,308
29226,220
29227,495
29228,130
29229,383
29230,864
29231,227
29232,194
29233,431
29234,115
29235,339
29236,752
29237,201
29238,322
29239,708
29240,191
29241,562
29242,1240
29243,332
29244,221
29245,488
29246,130
29247,385
29248,857
29249,228
29250,207
29251,458
29252,123
29253,358
29254,795
29255,216
29256,345
29257,766
29258,205
29259,592
29260,1317
29261,354
29262,221
29263,494
29264,132
29265,385
29266,865
29267,230
29268,236
29269,521
29270,139
29271,414
29272,902
29273,244
29274,400
29275,877
29276,236
29277,693
29278,1523
29279,411
29280,254
29281,561
29282,150
29283,442
29284,974
29285,263
29286,224
29287,491
29288,132
29289,391
29290,858
29291,231
29292,366
29293,810
29294,218
29295,642
29296,1411
29297,378
29298,239
29299,532
29300,142
29301,416
29302,926
29303,246
29304,174
29305,380
29306,103
29307,304
29308,661
29309,180
29310,283
29311,618
29312,168
29313,493
29314,1074
29315,290
29316,190
29317,416
29318,112
29319,330
29320,726
29321,194
29322,168
29323,369
29324,101
29325,294
29326,645
29327,175
29328,266
29329,584
29330,159
29331,465
29332,1022
29333,277
29334,182
29335,400
29336,108
29337,317
29338,699
29339,188
29340,165
29341,359
29342,98
29343,288
29344,627
29345,172
29346,259
29347,566
29348,155
29349,453
29350,988
29351,269
29352,178
29353,388
29354,105
29355,309
29356,679
29357,183
29358,165
29359,360
29360,98
29361,288
29362,628
29363,172
29364,259
29365,563
29366,155
29367,453
29368,986
29369,269
29370,177
29371,389
29372,106
29373,311
29374,679
29375,184
29376,175
29377,377
29378,105
29379,305
29380,657
29381,184
29382,271
29383,589
29384,162
29385,474
29386,1026
29387,284
29388,188
29389,408
29390,112
29391,329
29392,710
29393,196
29394,218
29395,471
29396,131
29397,380
29398,820
29399,229
29400,322
29401,702
29402,195
29403,564
29404,1220
29405,338
29406,235
29407,512
29408,141
29409,407
29410,894
29411,245
29412,229
29413,493
29414,137
29415,401
29416,871
29417,242
29418,320
29419,698
29420,193
29421,561
29422,1220
29423,335
29424,242
29425,529
29426,145
29427,419
29428,927
29429,252
29430,194
29431,416
29432,116
29433,339
29434,725
29435,203
29436,259
29437,557
29438,155
29439,452
29440,970
29441,269
29442,208
29443,449
29444,124
29445,364
29446,783
29447,216
29448,208
29449,450
29450,126
29451,363
29452,784
29453,220
29454,258
29455,556
29456,155
29457,452
29458,972
29459,271
29460,226
29461,486
29462,135
29463,394
29464,850
29465,234
29466,218
29467,464
29468,130
29469,375
29470,800
29471,224
29472,261
29473,559
29474,157
29475,456
29476,980
29477,272
29478,233
29479,498
29480,139
29481,404
29482,866
29483,238
29484,213
29485,451
29486,126
29487,372
29488,788
29489,222
29490,258
29491,552
29492,155
29493,453
29494,966
29495,270
29496,228
29497,488
29498,137
29499,398
29500,856
29501,237
29502,207
29503,441
29504,124
29505,360
29506,764
29507,217
29508,274
29509,582
29510,164
29511,477
29512,1013
29513,286
29514,223
29515,475
29516,133
29517,386
29518,826
29519,233
29520,233
29521,490
29522,139
29523,406
29524,852
29525,242
29526,325
29527,687
29528,195
29529,566
29530,1197
29531,339
29532,249
29533,530
29534,149
29535,432
29536,921
29537,259
29538,217
29539,460
29540,130
29541,380
29542,801
29543,226
29544,322
29545,685
29546,193
29547,564
29548,1192
29549,337
29550,234
29551,493
29552,140
29553,408
29554,861
29555,242
29556,167
29557,354
29558,101
29559,291
29560,617
29561,176
29562,259
29563,545
29564,156
29565,452
29566,948
29567,270
29568,180
29569,383
29570,108
29571,313
29572,668
29573,188
29574,166
29575,348
29576,99
29577,289
29578,606
29579,174
29580,259
29581,545
29582,156
29583,453
29584,952
29585,271
29586,179
29587,376
29588,107
29589,312
29590,658
29591,186
29592,166
29593,344
29594,99
29595,290
29596,602
29597,174
29598,258
29599,540
29600,156
29601,452
29602,945
29603,271
29604,179
29605,374
29606,107
29607,311
29608,654
29609,186
29610,166
29611,345
29612,99
29613,289
29614,601
29615,174
29616,258
29617,538
29618,155
29619,451
29620,940
29621,271
29622,178
29623,374
29624,107
29625,311
29626,652
29627,186
29628,175
29629,363
29630,105
29631,304
29632,628
29633,183
29634,275
29635,569
29636,164
29637,478
29638,989
29639,285
29640,188
29641,392
29642,113
29643,327
29644,682
29645,196
29646,208
29647,428
29648,124
29649,363
29650,743
29651,217
29652,324
29653,669
29654,195
29655,566
29656,1162
29657,339
29658,223
29659,464
29660,134
29661,388
29662,806
29663,233
29664,207
29665,424
29666,123
29667,361
29668,738
29669,216
29670,322
29671,663
29672,193
29673,562
29674,1155
29675,338
29676,221
29677,459
29678,134
29679,386
29680,801
29681,232
29682,166
29683,340
29684,99
29685,288
29686,590
29687,172
29688,259
29689,530
29690,155
29691,450
29692,923
29693,270
29694,178
29695,366
29696,106
29697,310
29698,637
29699,185
29700,165
29701,337
29702,99
29703,288
29704,588
29705,173
29706,259
29707,528
29708,155
29709,453
29710,924
29711,271
29712,178
29713,364
29714,106
29715,310
29716,637
29717,186
29718,165
29719,334
29720,99
29721,289
29722,583
29723,173
29724,258
29725,524
29726,155
29727,452
29728,915
29729,270
29730,178
29731,362
29732,106
29733,311
29734,633
29735,185
29736,166
29737,333
29738,99
29739,289
29740,582
29741,173
29742,259
29743,524
29744,155
29745,452
29746,914
29747,270
29748,178
29749,361
29750,106
29751,311
29752,631
29753,186
29754,175
29755,350
29756,104
29757,304
29758,610
29759,182
29760,273
29761,550
29762,164
29763,477
29764,956
29765,286
29766,188
29767,380
29768,113
29769,327
29770,661
29771,197
29772,208
29773,417
29774,125
29775,363
29776,723
29777,218
29778,325
29779,652
29780,195
29781,567
29782,1132
29783,341
29784,224
29785,452
29786,134
29787,389
29788,785
29789,233
29790,207
29791,413
29792,123
29793,361
29794,720
29795,215
29796,324
29797,647
29798,194
29799,566
29800,1126
29801,338
29802,222
29803,446
29804,133
29805,388
29806,777
29807,233
29808,166
29809,328
29810,99
29811,290
29812,572
29813,172
29814,260
29815,512
29816,155
29817,453
29818,895
29819,270
29820,179
29821,354
29822,106
29823,311
29824,619
29825,185
29826,166
29827,328
29828,99
29829,290
29830,572
29831,174
29832,260
29833,516
29834,156
29835,455
29836,901
29837,272
29838,179
29839,354
29840,107
29841,312
29842,620
29843,186
29844,166
29845,326
29846,98
29847,290
29848,570
29849,172
29850,260
29851,512
29852,155
29853,456
29854,894
29855,271
29856,179
29857,353
29858,106
29859,312
29860,618
29861,185
29862,166
29863,326
29864,98
29865,290
29866,568
29867,172
29868,260
29869,511
29870,154
29871,454
29872,890
29873,270
29874,178
29875,352
29876,106
29877,311
29878,613
29879,186
29880,176
29881,342
29882,104
29883,306
29884,594
29885,182
29886,275
29887,536
29888,163
29889,479
29890,932
29891,286
29892,189
29893,370
29894,112
29895,328
29896,643
29897,196
29898,209
29899,404
29900,124
29901,365
29902,704
29903,217
29904,328
29905,634
29906,195
29907,570
29908,1104
29909,340
29910,225
29911,438
29912,133
29913,392
29914,763
29915,233
29916,209
29917,402
29918,123
29919,364
29920,701
29921,215
29922,326
29923,629
29924,193
29925,568
29926,1098
29927,338
29928,224
29929,434
29930,133
29931,390
29932,760
29933,232
29934,167
29935,319
29936,98
29937,291
29938,557
29939,172
29940,262
29941,499
29942,155
29943,457
29944,872
29945,270
29946,180
29947,345
29948,106
29949,313
29950,601
29951,185
29952,168
29953,318
29954,99
29955,292
29956,556
29957,173
29958,262
29959,500
29960,154
29961,457
29962,872
29963,270
29964,180
29965,344
29966,106
29967,314
29968,601
29969,186
29970,167
29971,316
29972,99
29973,293
29974,553
29975,173
29976,261
29977,497
29978,154
29979,457
29980,870
29981,270
29982,180
29983,342
29984,106
29985,313
29986,598
29987,186
29988,168
29989,317
29990,99
29991,293
29992,553
29993,173
29994,263
29995,496
29996,155
29997,458
29998,866
29999,271
30000,180
30001,342
30002,106
30003,315
30004,598
30005,186
30006,177
30007,333
30008,104
30009,308
30010,578
30011,181
30012,275
30013,522
30014,162
30015,482
30016,909
30017,284
30018,189
30019,361
30020,112
30021,331
30022,628
30023,196
30024,211
30025,394
30026,124
30027,368
30028,686
30029,217
30030,329
30031,617
30032,195
30033,576
30034,1072
30035,340
30036,226
30037,426
30038,134
30039,394
30040,742
30041,234
30042,210
30043,390
30044,123
30045,366
30046,682
30047,215
30048,328
30049,614
30050,193
30051,574
30052,1068
30053,338
30054,225
30055,421
30056,133
30057,391
30058,733
30059,231
30060,167
30061,310
30062,99
30063,292
30064,542
30065,173
30066,261
30067,485
30068,154
30069,456
30070,846
30071,269
30072,181
30073,335
30074,106
30075,313
30076,585
30077,185
30078,168
30079,309
30080,99
30081,292
30082,539
30083,172
30084,264
30085,485
30086,155
30087,460
30088,846
30089,270
30090,182
30091,335
30092,106
30093,315
30094,586
30095,185
30096,169
30097,308
30098,99
30099,295
30100,539
30101,173
30102,264
30103,485
30104,155
30105,463
30106,848
30107,270
30108,183
30109,334
30110,107
30111,317
30112,585
30113,185
30114,168
30115,309
30116,99
30117,296
30118,540
30119,172
30120,263
30121,486
30122,155
30123,462
30124,848
30125,271
30126,182
30127,333
30128,107
30129,319
30130,584
30131,186
30132,179
30133,326
30134,105
30135,311
30136,568
30137,181
30138,280
30139,512
30140,164
30141,488
30142,891
30143,284
30144,192
30145,351
30146,113
30147,336
30148,613
30149,195
30150,215
30151,386
30152,125
30153,373
30154,670
30155,218
30156,335
30157,604
30158,195
30159,584
30160,1049
30161,339
30162,231
30163,416
30164,135
30165,404
30166,727
30167,235
30168,215
30169,380
30170,123
30171,374
30172,665
30173,215
30174,335
30175,597
30176,193
30177,584
30178,1041
30179,337
30180,231
30181,410
30182,133
30183,402
30184,716
30185,232
30186,172
30187,303
30188,98
30189,298
30190,527
30191,169
30192,270
30193,474
30194,155
30195,470
30196,824
30197,268
30198,185
30199,326
30200,106
30201,323
30202,569
30203,184
30204,171
30205,302
30206,98
30207,298
30208,526
30209,171
30210,268
30211,470
30212,154
30213,466
30214,820
30215,268
30216,186
30217,328
30218,107
30219,323
30220,577
30221,185
30222,171
30223,301
30224,99
30225,298
30226,523
30227,172
30228,267
30229,469
30230,155
30231,467
30232,818
30233,268
30234,185
30235,326
30236,107
30237,322
30238,573
30239,185
30240,169
30241,302
30242,99
30243,300
30244,526
30245,171
30246,266
30247,473
30248,155
30249,470
30250,823
30251,268
30252,185
30253,325
30254,106
30255,325
30256,571
30257,185
30258,182
30259,320
30260,104
30261,316
30262,555
30263,181
30264,286
30265,500
30266,165
30267,497
30268,868
30269,285
30270,196
30271,345
30272,113
30273,342
30274,601
30275,196
30276,218
30277,377
30278,125
30279,380
30280,656
30281,217
30282,340
30283,590
30284,196
30285,592
30286,1026
30287,340
30288,235
30289,406
30290,135
30291,409
30292,709
30293,234
30294,216
30295,371
30296,124
30297,376
30298,648
30299,216
30300,339
30301,583
30302,194
30303,591
30304,1017
30305,338
30306,234
30307,400
30308,133
30309,407
30310,699
30311,232
30312,174
30313,296
30314,99
30315,302
30316,515
30317,171
30318,272
30319,464
30320,156
30321,473
30322,807
30323,270
30324,188
30325,318
30326,107
30327,326
30328,555
30329,185
30330,175
30331,295
30332,99
30333,303
30334,515
30335,173
30336,273
30337,464
30338,156
30339,476
30340,811
30341,271
30342,189
30343,319
30344,107
30345,328
30346,558
30347,186
30348,173
30349,293
30350,99
30351,301
30352,513
30353,173
30354,272
30355,463
30356,156
30357,474
30358,808
30359,272
30360,187
30361,318
30362,107
30363,325
30364,556
30365,186
30366,173
30367,294
30368,99
30369,302
30370,513
30371,173
30372,272
30373,461
30374,156
30375,475
30376,806
30377,271
30378,187
30379,317
30380,107
30381,326
30382,556
30383,186
30384,183
30385,310
30386,105
30387,319
30388,538
30389,181
30390,287
30391,484
30392,164
30393,502
30394,842
30395,285
30396,198
30397,335
30398,113
30399,345
30400,585
30401,196
30402,219
30403,368
30404,125
30405,382
30406,641
30407,216
30408,343
30409,576
30410,196
30411,599
30412,1003
30413,341
30414,237
30415,398
30416,134
30417,412
30418,692
30419,234
30420,219
30421,364
30422,123
30423,381
30424,635
30425,214
30426,343
30427,570
30428,194
30429,598
30430,995
30431,337
30432,237
30433,392
30434,134
30435,413
30436,684
30437,233
30438,175
30439,289
30440,99
30441,306
30442,505
30443,172
30444,275
30445,454
30446,155
30447,480
30448,790
30449,270
30450,190
30451,313
30452,106
30453,330
30454,547
30455,185
30456,177
30457,291
30458,100
30459,308
30460,508
30461,173
30462,276
30463,455
30464,157
30465,482
30466,796
30467,272
30468,190
30469,313
30470,107
30471,331
30472,549
30473,187
30474,176
30475,288
30476,99
30477,308
30478,503
30479,173
30480,276
30481,452
30482,155
30483,482
30484,789
30485,270
30486,190
30487,310
30488,107
30489,331
30490,545
30491,186
30492,176
30493,288
30494,99
30495,307
30496,503
30497,172
30498,277
30499,451
30500,156
30501,483
30502,791
30503,271
30504,190
30505,310
30506,107
30507,330
30508,544
30509,186
30510,186
30511,303
30512,104
30513,323
30514,525
30515,180
30516,291
30517,474
30518,164
30519,509
30520,826
30521,284
30522,201
30523,326
30524,112
30525,349
30526,566
30527,195
30528,222
30529,360
30530,124
30531,387
30532,628
30533,216
30534,349
30535,563
30536,195
30537,609
30538,981
30539,339
30540,241
30541,389
30542,135
30543,418
30544,678
30545,234
30546,221
30547,356
30548,123
30549,386
30550,621
30551,214
30552,348
30553,560
30554,194
30555,608
30556,975
30557,338
30558,240
30559,385
30560,134
30561,417
30562,669
30563,232
30564,178
30565,285
30566,99
30567,310
30568,498
30569,173
30570,279
30571,447
30572,155
30573,487
30574,780
30575,270
30576,193
30577,308
30578,107
30579,335
30580,536
30581,186
30582,179
30583,287
30584,99
30585,313
30586,499
30587,173
30588,281
30589,448
30590,156
30591,492
30592,782
30593,273
30594,194
30595,309
30596,108
30597,338
30598,538
30599,187
30600,178
30601,283
30602,99
30603,311
30604,494
30605,172
30606,281
30607,445
30608,155
30609,491
30610,777
30611,272
30612,193
30613,306
30614,107
30615,336
30616,534
30617,186
30618,179
30619,283
30620,99
30621,312
30622,494
30623,172
30624,281
30625,444
30626,155
30627,492
30628,778
30629,270
30630,193
30631,306
30632,108
30633,337
30634,534
30635,187
30636,189
30637,298
30638,104
30639,328
30640,514
30641,181
30642,297
30643,466
30644,164
30645,517
30646,810
30647,284
30648,203
30649,320
30650,112
30651,354
30652,555
30653,196
30654,226
30655,353
30656,124
30657,394
30658,615
30659,217
30660,355
30661,554
30662,195
30663,619
30664,966
30665,340
30666,244
30667,381
30668,135
30669,424
30670,664
30671,234
30672,225
30673,350
30674,124
30675,393
30676,611
30677,216
30678,355
30679,550
30680,194
30681,620
30682,960
30683,338
30684,244
30685,378
30686,134
30687,425
30688,659
30689,232
30690,182
30691,280
30692,100
30693,317
30694,490
30695,174
30696,287
30697,438
30698,157
30699,499
30700,767
30701,274
30702,197
30703,301
30704,107
30705,342
30706,525
30707,188
30708,183
30709,281
30710,100
30711,319
30712,490
30713,174
30714,288
30715,441
30716,157
30717,501
30718,770
30719,273
30720,198
30721,303
30722,108
30723,344
30724,529
30725,188
30726,182
30727,277
30728,100
30729,317
30730,484
30731,174
30732,286
30733,437
30734,156
30735,498
30736,762
30737,272
30738,196
30739,300
30740,107
30741,341
30742,523
30743,187
30744,182
30745,277
30746,99
30747,317
30748,483
30749,173
30750,287
30751,437
30752,156
30753,500
30754,764
30755,272
30756,196
30757,300
30758,107
30759,342
30760,524
30761,187
30762,192
30763,292
30764,104
30765,334
30766,505
30767,182
30768,302
30769,459
30770,165
30771,526
30772,796
30773,287
30774,207
30775,315
30776,113
30777,361
30778,547
30779,196
30780,231
30781,347
30782,124
30783,401
30784,602
30785,217
30786,361
30787,545
30788,196
30789,630
30790,950
30791,341
30792,250
30793,375
30794,135
30795,433
30796,653
30797,235
30798,229
30799,344
30800,124
30801,400
30802,600
30803,216
30804,360
30805,541
30806,194
30807,629
30808,944
30809,338
30810,249
30811,372
30812,134
30813,433
30814,647
30815,233
30816,185
30817,275
30818,99
30819,322
30820,481
30821,173
30822,291
30823,432
30824,156
30825,505
30826,753
30827,272
30828,200
30829,296
30830,107
30831,347
30832,517
30833,187
30834,187
30835,277
30836,100
30837,324
30838,483
30839,174
30840,293
30841,435
30842,156
30843,509
30844,759
30845,273
30846,202
30847,299
30848,107
30849,349
30850,521
30851,188
30852,185
30853,274
30854,99
30855,322
30856,478
30857,172
30858,292
30859,432
30860,156
30861,511
30862,754
30863,272
30864,200
30865,297
30866,107
30867,348
30868,517
30869,186
30870,185
30871,274
30872,99
30873,323
30874,477
30875,172
30876,293
30877,431
30878,156
30879,512
30880,755
30881,272
30882,200
30883,296
30884,107
30885,349
30886,517
30887,186
30888,196
30889,289
30890,104
30891,341
30892,500
30893,181
30894,309
30895,455
30896,164
30897,538
30898,792
30899,287
30900,212
30901,313
30902,113
30903,369
30904,543
30905,196
30906,233
30907,342
30908,124
30909,405
30910,595
30911,216
30912,368
30913,540
30914,195
30915,641
30916,940
30917,339
30918,253
30919,372
30920,134
30921,440
30922,646
30923,233
30924,233
30925,340
30926,123
30927,405
30928,591
30929,215
30930,367
30931,535
30932,194
30933,640
30934,931
30935,337
30936,252
30937,368
30938,133
30939,439
30940,640
30941,232
30942,189
30943,272
30944,99
30945,327
30946,473
30947,172
30948,299
30949,429
30950,156
30951,521
30952,748
30953,271
30954,205
30955,293
30956,107
30957,356
30958,511
30959,185
30960,190
30961,273
30962,99
30963,331
30964,477
30965,173
30966,301
30967,430
30968,157
30969,526
30970,752
30971,273
30972,208
30973,294
30974,107
30975,360
30976,514
30977,187
30978,188
30979,270
30980,98
30981,327
30982,472
30983,172
30984,298
30985,427
30986,156
30987,522
30988,747
30989,272
30990,204
30991,293
30992,106
30993,356
30994,512
30995,186
30996,187
30997,271
30998,99
30999,325
31000,473
31001,173
31002,296
31003,428
31004,156
31005,518
31006,747
31007,273
31008,203
31009,294
31010,107
31011,354
31012,511
31013,187
31014,198
31015,285
31016,105
31017,343
31018,497
31019,182
31020,313
31021,452
31022,165
31023,545
31024,782
31025,287
31026,216
31027,310
31028,112
31029,374
31030,539
31031,198
31032,237
31033,340
31034,124
31035,406
31036,594
31037,217
31038,376
31039,535
31040,196
31041,644
31042,937
31043,343
31044,259
31045,369
31046,134
31047,444
31048,646
31049,235
31050,236
31051,337
31052,123
31053,414
31054,588
31055,215
31056,372
31057,531
31058,194
31059,650
31060,928
31061,340
31062,257
31063,365
31064,133
31065,446
31066,637
31067,234
31068,191
31069,270
31070,99
31071,333
31072,471
31073,172
31074,302
31075,425
31076,156
31077,527
31078,743
31079,272
31080,208
31081,293
31082,107
31083,361
31084,510
31085,186
31086,192
31087,271
31088,99
31089,335
31090,473
31091,173
31092,305
31093,428
31094,157
31095,532
31096,748
31097,273
31098,210
31099,293
31100,108
31101,364
31102,512
31103,187
31104,191
31105,269
31106,98
31107,332
31108,467
31109,171
31110,302
31111,425
31112,156
31113,527
31114,740
31115,272
31116,208
31117,291
31118,106
31119,361
31120,507
31121,186
31122,191
31123,270
31124,99
31125,333
31126,469
31127,172
31128,302
31129,427
31130,155
31131,528
31132,745
31133,272
31134,207
31135,292
31136,107
31137,361
31138,509
31139,186
31140,202
31141,283
31142,104
31143,350
31144,494
31145,181
31146,318
31147,449
31148,165
31149,553
31150,783
31151,286
31152,221
31153,307
31154,113
31155,381
31156,536
31157,197
31158,241
31159,337
31160,123
31161,420
31162,587
31163,215
31164,380
31165,532
31166,194
31167,662
31168,928
31169,338
31170,263
31171,366
31172,134
31173,457
31174,637
31175,233
31176,241
31177,335
31178,123
31179,420
31180,585
31181,214
31182,381
31183,530
31184,194
31185,663
31186,922
31187,338
31188,263
31189,362
31190,133
31191,455
31192,630
31193,232
31194,194
31195,268
31196,99
31197,337
31198,468
31199,172
31200,307
31201,423
31202,156
31203,534
31204,738
31205,273
31206,211
31207,290
31208,107
31209,366
31210,506
31211,186
31212,195
31213,270
31214,99
31215,340
31216,471
31217,173
31218,310
31219,427
31220,157
31221,539
31222,746
31223,273
31224,213
31225,293
31226,108
31227,369
31228,510
31229,187
31230,194
31231,269
31232,98
31233,338
31234,468
31235,172
31236,309
31237,425
31238,155
31239,540
31240,740
31241,271
31242,211
31243,291
31244,107
31245,368
31246,507
31247,186
31248,195
31249,268
31250,99
31251,341
31252,469
31253,172
31254,309
31255,426
31256,156
31257,540
31258,744
31259,272
31260,211
31261,291
31262,107
31263,369
31264,509
31265,187
31266,207
31267,283
31268,104
31269,360
31270,492
31271,181
31272,326
31273,447
31274,164
31275,569
31276,779
31277,285
31278,224
31279,307
31280,113
31281,390
31282,536
31283,197
31284,247
31285,337
31286,124
31287,429
31288,587
31289,216
31290,390
31291,534
31292,195
31293,679
31294,931
31295,341
31296,268
31297,367
31298,135
31299,466
31300,641
31301,235
31302,245
31303,336
31304,124
31305,427
31306,585
31307,215
31308,387
31309,531
31310,194
31311,675
31312,925
31313,339
31314,267
31315,365
31316,134
31317,465
31318,636
31319,234
31320,198
31321,269
31322,99
31323,344
31324,471
31325,173
31326,313
31327,425
31328,156
31329,544
31330,740
31331,273
31332,215
31333,291
31334,107
31335,373
31336,508
31337,187
31338,199
31339,271
31340,99
31341,347
31342,472
31343,173
31344,315
31345,427
31346,156
31347,549
31348,744
31349,273
31350,216
31351,292
31352,108
31353,376
31354,510
31355,188
31356,198
31357,269
31358,99
31359,345
31360,469
31361,172
31362,313
31363,426
31364,156
31365,548
31366,740
31367,273
31368,215
31369,292
31370,107
31371,375
31372,507
31373,187
31374,199
31375,269
31376,99
31377,346
31378,469
31379,172
31380,314
31381,426
31382,156
31383,549
31384,745
31385,273
31386,216
31387,292
31388,107
31389,376
31390,511
31391,187
31392,211
31393,284
31394,104
31395,365
31396,493
31397,181
31398,332
31399,449
31400,164
31401,579
31402,783
31403,285
31404,228
31405,308
31406,113
31407,397
31408,536
31409,196
31410,250
31411,339
31412,123
31413,435
31414,589
31415,215
31416,395
31417,536
31418,194
31419,689
31420,934
31421,339
31422,272
31423,370
31424,134
31425,474
31426,643
31427,234
31428,249
31429,337
31430,123
31431,435
31432,591
31433,214
31434,393
31435,533
31436,193
31437,686
31438,931
31439,337
31440,272
31441,367
31442,133
31443,474
31444,641
31445,232
31446,201
31447,273
31448,99
31449,351
31450,474
31451,172
31452,314
31453,425
31454,155
31455,549
31456,741
31457,270
31458,217
31459,294
31460,107
31461,378
31462,512
31463,186
31464,202
31465,273
31466,99
31467,352
31468,475
31469,173
31470,320
31471,433
31472,157
31473,559
31474,753
31475,274
31476,219
31477,296
31478,108
31479,382
31480,514
31481,188
31482,200
31483,272
31484,98
31485,349
31486,472
31487,171
31488,318
31489,428
31490,155
31491,555
31492,744
31493,271
31494,218
31495,294
31496,107
31497,381
31498,512
31499,187
31500,201
31501,271
31502,98
31503,351
31504,472
31505,172
31506,318
31507,429
31508,155
31509,557
31510,747
31511,271
31512,219
31513,295
31514,107
31515,382
31516,514
31517,187
31518,212
31519,286
31520,104
31521,369
31522,499
31523,181
31524,335
31525,453
31526,163
31527,584
31528,788
31529,285
31530,231
31531,312
31532,113
31533,402
31534,542
31535,196
31536,255
31537,343
31538,124
31539,443
31540,595
31541,216
31542,402
31543,540
31544,194
31545,701
31546,939
31547,340
31548,277
31549,373
31550,134
31551,483
31552,648
31553,234
31554,253
31555,342
31556,123
31557,442
31558,594
31559,216
31560,399
31561,539
31562,194
31563,697
31564,937
31565,340
31566,276
31567,371
31568,133
31569,480
31570,644
31571,232
31572,205
31573,275
31574,99
31575,357
31576,479
31577,173
31578,324
31579,433
31580,156
31581,567
31582,757
31583,273
31584,223
31585,299
31586,108
31587,388
31588,519
31589,187
31590,206
31591,276
31592,100
31593,359
31594,481
31595,174
31596,325
31597,437
31598,157
31599,567
31600,762
31601,274
31602,224
31603,299
31604,108
31605,391
31606,520
31607,188
31608,206
31609,275
31610,99
31611,359
31612,479
31613,172
31614,325
31615,435
31616,156
31617,566
31618,758
31619,272
31620,223
31621,299
31622,107
31623,388
31624,518
31625,187
31626,206
31627,277
31628,99
31629,360
31630,481
31631,174
31632,327
31633,436
31634,157
31635,571
31636,763
31637,275
31638,224
31639,301
31640,108
31641,389
31642,523
31643,188
31644,218
31645,291
31646,104
31647,379
31648,504
31649,182
31650,344
31651,459
31652,165
31653,597
31654,799
31655,287
31656,237
31657,316
31658,113
31659,413
31660,549
31661,197
31662,259
31663,346
31664,124
31665,452
31666,601
31667,216
31668,410
31669,544
31670,195
31671,714
31672,948
31673,341
31674,283
31675,377
31676,135
31677,494
31678,654
31679,235
31680,258
31681,346
31682,123
31683,451
31684,603
31685,215
31686,407
31687,544
31688,194
31689,711
31690,947
31691,338
31692,281
31693,376
31694,134
31695,490
31696,650
31697,233
31698,208
31699,278
31700,99
31701,363
31702,481
31703,172
31704,329
31705,439
31706,157
31707,574
31708,761
31709,272
31710,227
31711,303
31712,108
31713,395
31714,524
31715,187
31716,208
31717,279
31718,100
31719,365
31720,484
31721,174
31722,330
31723,440
31724,157
31725,576
31726,767
31727,274
31728,226
31729,303
31730,108
31731,396
31732,526
31733,188
31734,208
31735,279
31736,99
31737,363
31738,485
31739,173
31740,329
31741,440
31742,155
31743,577
31744,767
31745,272
31746,226
31747,302
31748,107
31749,394
31750,525
31751,186
31752,209
31753,282
31754,99
31755,365
31756,489
31757,173
31758,330
31759,443
31760,156
31761,578
31762,772
31763,273
31764,226
31765,304
31766,107
31767,393
31768,528
31769,187
31770,220
31771,296
31772,104
31773,382
31774,511
31775,181
31776,347
31777,465
31778,164
31779,606
31780,808
31781,286
31782,238
31783,319
31784,113
31785,413
31786,552
31787,196
31788,265
31789,354
31790,124
31791,461
31792,612
31793,216
31794,413
31795,552
31796,194
31797,720
31798,961
31799,338
31800,287
31801,383
31802,135
31803,500
31804,665
31805,236
31806,266
31807,357
31808,125
31809,465
31810,619
31811,217
31812,411
31813,564
31814,193
31815,718
31816,980
31817,336
31818,288
31819,384
31820,135
31821,504
31822,665
31823,235
31824,225
31825,299
31826,105
31827,393
31828,518
31829,182
31830,340
31831,453
31832,160
31833,594
31834,790
31835,276
31836,244
31837,324
31838,113
31839,424
31840,557
31841,198
31842,234
31843,307
31844,108
31845,407
31846,531
31847,187
31848,347
31849,456
31850,161
31851,612
31852,777
31853,282
31854,253
31855,332
31856,117
31857,440
31858,574
31859,203
31860,239
31861,316
31862,111
31863,416
31864,547
31865,193
31866,333
31867,439
31868,156
31869,581
31870,760
31871,270
31872,259
31873,343
31874,122
31875,451
31876,594
31877,211
31878,237
31879,315
31880,110
31881,415
31882,547
31883,191
31884,339
31885,449
31886,157
31887,602
31888,796
31889,277
31890,261
31891,345
31892,121
31893,453
31894,598
31895,210
31896,248
31897,332
31898,114
31899,432
31900,573
31901,200
31902,364
31903,488
31904,168
31905,637
31906,841
31907,293
31908,271
31909,363
31910,126
31911,474
31912,626
31913,221
31914,287
31915,385
31916,133
31917,498
31918,664
31919,232
31920,426
31921,571
31922,195
31923,744
31924,991
31925,341
31926,318
31927,425
31928,149
31929,554
31930,737
31931,260
31932,281
31933,379
31934,130
31935,491
31936,657
31937,227
31938,421
31939,568
31940,196
31941,735
31942,988
31943,342
31944,314
31945,420
31946,146
31947,547
31948,726
31949,254
31950,219
31951,297
31952,102
31953,382
31954,512
31955,178
31956,341
31957,459
31958,159
31959,595
31960,799
31961,277
31962,242
31963,327
31964,113
31965,419
31966,565
31967,197
31968,219
31969,295
31970,102
31971,382
31972,514
31973,177
31974,338
31975,456
31976,157
31977,592
31978,795
31979,274
31980,242
31981,325
31982,113
31983,422
31984,565
31985,196
31986,216
31987,292
31988,100
31989,376
31990,509
31991,175
31992,340
31993,457
31994,157
31995,593
31996,799
31997,274
31998,238
31999,323
32000,111
32001,415
32002,560
32003,193
32004,217
32005,294
32006,100
32007,378
32008,511
32009,175
32010,341
32011,460
32012,157
32013,596
32014,801
32015,275
32016,238
32017,322
32018,110
32019,414
32020,562
32021,192
32022,228
32023,308
32024,105
32025,398
32026,534
32027,183
32028,359
32029,485
32030,165
32031,626
32032,844
32033,289
32034,252
32035,339
32036,116
32037,438
32038,588
32039,202
32040,271
32041,365
32042,124
32043,473
32044,634
32045,216
32046,427
32047,575
32048,196
32049,746
32050,1003
32051,342
32052,297
32053,400
32054,136
32055,518
32056,695
32057,237
32058,270
32059,367
32060,123
32061,471
32062,638
32063,215
32064,424
32065,576
32066,195
32067,742
32068,1006
32069,341
32070,296
32071,401
32072,136
32073,516
32074,695
32075,237
32076,217
32077,296
32078,99
32079,377
32080,513
32081,172
32082,342
32083,465
32084,157
32085,598
32086,811
32087,273
32088,237
32089,324
32090,109
32091,413
32092,562
32093,189
32094,217
32095,297
32096,99
32097,379
32098,515
32099,172
32100,342
32101,468
32102,157
32103,598
32104,815
32105,274
32106,237
32107,323
32108,109
32109,414
32110,563
32111,189
32112,217
32113,297
32114,99
32115,379
32116,518
32117,173
32118,343
32119,468
32120,156
32121,598
32122,815
32123,273
32124,237
32125,325
32126,109
32127,413
32128,562
32129,189
32130,218
32131,299
32132,99
32133,379
32134,520
32135,173
32136,344
32137,470
32138,156
32139,601
32140,819
32141,274
32142,238
32143,327
32144,108
32145,414
32146,567
32147,189
32148,230
32149,316
32150,104
32151,400
32152,547
32153,182
32154,364
32155,497
32156,166
32157,635
32158,865
32159,289
32160,252
32161,345
32162,114
32163,439
32164,598
32165,199
32166,273
32167,375
32168,123
32169,475
32170,650
32171,215
32172,431
32173,590
32174,196
32175,752
32176,1028
32177,341
32178,299
32179,412
32180,136
32181,521
32182,714
32183,236
32184,270
32185,374
32186,122
32187,472
32188,650
32189,213
32190,427
32191,591
32192,193
32193,745
32194,1029
32195,337
32196,297
32197,412
32198,134
32199,516
32200,713
32201,234
32202,216
32203,300
32204,98
32205,377
32206,521
32207,171
32208,342
32209,474
32210,155
32211,598
32212,826
32213,271
32214,237
32215,330
32216,108
32217,414
32218,574
32219,188
32220,217
32221,303
32222,98
32223,379
32224,525
32225,172
32226,343
32227,478
32228,156
32229,601
32230,833
32231,272
32232,238
32233,331
32234,109
32235,416
32236,576
32237,189
32238,218
32239,304
32240,98
32241,380
32242,529
32243,172
32244,344
32245,481
32246,156
32247,602
32248,839
32249,272
32250,239
32251,334
32252,108
32253,416
32254,580
32255,189
32256,219
32257,307
32258,99
32259,382
32260,534
32261,172
32262,347
32263,485
32264,157
32265,608
32266,845
32267,273
32268,240
32269,337
32270,109
32271,419
32272,584
32273,189
32274,231
32275,322
32276,103
32277,402
32278,558
32279,180
32280,365
32281,510
32282,164
32283,637
32284,886
32285,286
32286,252
32287,354
32288,114
32289,440
32290,614
32291,199
32292,275
32293,384
32294,123
32295,479
32296,666
32297,215
32298,434
32299,609
32300,196
32301,759
32302,1061
32303,341
32304,302
32305,424
32306,135
32307,525
32308,737
32309,235
32310,274
32311,384
32312,123
32313,479
32314,668
32315,214
32316,433
32317,609
32318,195
32319,757
32320,1058
32321,340
32322,300
32323,423
32324,135
32325,521
32326,732
32327,234
32328,220
32329,309
32330,99
32331,384
32332,537
32333,172
32334,348
32335,490
32336,157
32337,607
32338,852
32339,273
32340,240
32341,339
32342,108
32343,419
32344,591
32345,188
32346,220
32347,309
32348,99
32349,384
32350,538
32351,173
32352,348
32353,491
32354,157
32355,610
32356,856
32357,274
32358,240
32359,338
32360,108
32361,419
32362,589
32363,188
32364,220
32365,309
32366,99
32367,385
32368,539
32369,172
32370,348
32371,491
32372,157
32373,610
32374,858
32375,273
32376,240
32377,341
32378,108
32379,420
32380,592
32381,188
32382,221
32383,312
32384,99
32385,385
32386,544
32387,172
32388,349
32389,495
32390,157
32391,613
32392,864
32393,274
32394,241
32395,343
32396,108
32397,422
32398,597
32399,188
32400,239
32401,336
32402,107
32403,417
32404,587
32405,187
32406,375
32407,525
32408,168
32409,654
32410,919
32411,291
32412,259
32413,364
32414,115
32415,451
32416,633
32417,201
32418,282
32419,400
32420,125
32421,491
32422,692
32423,218
32424,439
32425,623
32426,196
32427,764
32428,1083
32429,341
32430,304
32431,433
32432,135
32433,529
32434,751
32435,235
32436,290
32437,414
32438,127
32439,502
32440,715
32441,225
32442,436
32443,624
32444,194
32445,761
32446,1087
32447,339
32448,301
32449,432
32450,135
32451,524
32452,751
32453,234
32454,246
32455,353
32456,110
32457,428
32458,613
32459,191
32460,348
32461,498
32462,156
32463,606
32464,867
32465,271
32466,241
32467,346
32468,108
32469,421
32470,602
32471,187
32472,251
32473,360
32474,112
32475,436
32476,623
32477,195
32478,351
32479,502
32480,157
32481,613
32482,877
32483,274
32484,244
32485,348
32486,109
32487,424
32488,608
32489,189
32490,259
32491,374
32492,115
32493,450
32494,652
32495,202
32496,352
32497,504
32498,157
32499,613
32500,880
32501,273
32502,243
32503,350
32504,108
32505,423
32506,609
32507,188
32508,245
32509,355
32510,106
32511,423
32512,613
32513,187
32514,353
32515,508
32516,157
32517,617
32518,885
32519,274
32520,244
32521,352
32522,108
32523,425
32524,613
32525,189
32526,255
32527,367
32528,112
32529,439
32530,633
32531,194
32532,372
32533,538
32534,166
32535,649
32536,938
32537,288
32538,258
32539,372
32540,115
32541,449
32542,648
32543,200
32544,281
32545,406
32546,124
32547,491
32548,706
32549,216
32550,442
32551,641
32552,197
32553,772
32554,1114
32555,343
32556,306
32557,445
32558,136
32559,534
32560,775
32561,236
32562,279
32563,406
32564,123
32565,487
32566,705
32567,216
32568,437
32569,643
32570,196
32571,767
32572,1117
32573,340
32574,303
32575,443
32576,135
32577,528
32578,771
32579,234
32580,224
32581,327
32582,99
32583,390
32584,568
32585,173
32586,353
32587,518
32588,157
32589,615
32590,899
32591,272
32592,244
32593,356
32594,108
32595,425
32596,618
32597,187
32598,223
32599,327
32600,99
32601,391
32602,571
32603,173
32604,353
32605,519
32606,157
32607,617
32608,904
32609,274
32610,243
32611,356
32612,108
32613,426
32614,623
32615,188
32616,223
32617,327
32618,98
32619,390
32620,570
32621,172
32622,353
32623,517
32624,157
32625,617
32626,904
32627,273
32628,242
32629,355
32630,108
32631,423
32632,621
32633,187
32634,224
32635,330
32636,99
32637,390
32638,576
32639,173
32640,355
32641,524
32642,158
32643,621
32644,916
32645,274
32646,244
32647,360
32648,108
32649,428
32650,628
32651,189
32652,237
32653,346
32654,105
32655,413
32656,603
32657,183
32658,374
32659,549
32660,165
32661,651
32662,956
32663,289
32664,259
32665,377
32666,114
32667,451
32668,656
32669,200
32670,282
32671,413
32672,124
32673,489
32674,717
32675,216
32676,443
32677,652
32678,197
32679,773
32680,1133
32681,341
32682,306
32683,451
32684,136
32685,533
32686,784
32687,235
32688,280
32689,415
32690,122
32691,490
32692,723
32693,216
32694,441
32695,654
32696,195
32697,769
32698,1140
32699,338
32700,304
32701,451
32702,135
32703,529
32704,785
32705,234
32706,225
32707,336
32708,99
32709,393
32710,584
32711,173
32712,354
32713,528
32714,159
32715,617
32716,919
32717,275
32718,245
32719,364
32720,109
32721,428
32722,635
32723,190
32724,225
32725,339
32726,100
32727,396
32728,594
32729,176
32730,351
32731,527
32732,156
32733,622
32734,922
32735,273
32736,247
32737,369
32738,109
32739,432
32740,644
32741,191
32742,252
32743,383
32744,111
32745,441
32746,666
32747,195
32748,385
32749,582
32750,170
32751,670
32752,1012
32753,295
32754,274
32755,413
32756,121
32757,478
32758,723
32759,212
32760,303
32761,460
32762,133
32763,529
32764,800
32765,233
32766,442
32767,670
32768,196
32769,776
32770,1171
32771,341
32772,329
32773,500
32774,146
32775,574
32776,871
32777,253
32778,403
32779,612
32780,178
32781,702
32782,1063
32783,312
32784,593
32785,899
32786,264
32787,1042
32788,1578
32789,455
32790,435
32791,664
32792,193
32793,762
32794,1158
32795,338
32796,611
32797,929
32798,270
32799,1066
32800,1618
32801,471
32802,873
32803,1331
32804,389
32805,1540
32806,2360
32807,690
32808,660
32809,1011
32810,293
32811,1151
32812,1761
32813,510
32814,693
32815,1062
32816,307
32817,1204
32818,1843
32819,534
32820,1026
32821,1574
32822,455
32823,1779
32824,2733
32825,792
32826,748
32827,1149
32828,334
32829,1298
32830,1997
32831,579
32832,552
32833,853
32834,246
32835,967
32836,1485
32837,430
32838,831
32839,1279
32840,368
32841,1452
32842,2226
32843,642
32844,599
32845,925
32846,267
32847,1047
32848,1611
32849,464
32850,479
32851,744
32852,213
32853,834
32854,1295
32855,373
32856,717
32857,1116
32858,321
32859,1249
32860,1938
32861,560
32862,521
32863,806
32864,232
32865,907
32866,1406
32867,404
